index,match_id,home_team_score,away_team_score,home_team_yellow_cards,home_team_red_cards,away_team_yellow_cards,away_team_red_cards
0,M-1970-01,0,0,1,0,4,0
1,M-1970-02,2,0,0,0,0,0
2,M-1970-03,1,0,0,0,0,0
3,M-1970-04,3,2,0,0,0,0
4,M-1970-05,3,0,0,0,0,0
5,M-1970-06,1,0,0,0,1,0
6,M-1970-07,4,1,1,0,0,0
7,M-1970-08,2,1,0,0,0,0
8,M-1970-09,4,1,0,0,0,0
9,M-1970-10,0,0,0,0,0,0
10,M-1970-11,2,1,1,0,1,0
11,M-1970-12,3,0,0,0,0,0
12,M-1970-13,4,0,0,0,4,0
13,M-1970-14,1,1,1,0,2,0
14,M-1970-15,1,0,0,0,1,0
15,M-1970-16,5,2,0,0,0,0
16,M-1970-17,2,0,1,0,0,0
17,M-1970-18,1,0,0,0,0,0
18,M-1970-19,3,2,0,0,2,0
19,M-1970-20,3,1,0,0,0,0
20,M-1970-21,1,0,2,0,3,0
21,M-1970-22,0,0,1,0,2,0
22,M-1970-23,1,0,0,0,1,0
23,M-1970-24,1,1,0,0,0,0
24,M-1970-25,4,2,0,0,0,0
25,M-1970-26,4,1,1,0,0,0
26,M-1970-27,0,1,3,0,3,0
27,M-1970-28,3,2,1,0,1,0
28,M-1970-29,3,1,1,0,3,0
29,M-1970-30,4,3,4,0,2,0
30,M-1970-31,1,0,1,0,1,0
31,M-1970-32,4,1,1,0,1,0
32,M-1974-01,0,0,0,0,2,0
33,M-1974-02,1,0,0,0,3,1
34,M-1974-03,2,0,3,0,0,0
35,M-1974-04,0,2,1,0,1,0
36,M-1974-05,0,0,0,0,0,0
37,M-1974-06,0,2,3,1,0,0
38,M-1974-07,3,1,0,0,1,0
39,M-1974-08,3,2,0,0,2,0
40,M-1974-09,0,3,0,0,0,0
41,M-1974-10,1,1,2,0,1,0
42,M-1974-11,0,0,0,0,3,0
43,M-1974-12,9,0,1,0,0,1
44,M-1974-13,1,1,1,0,1,0
45,M-1974-14,0,0,1,0,4,0
46,M-1974-15,1,1,1,0,1,0
47,M-1974-16,0,7,1,0,0,0
48,M-1974-17,0,0,1,1,0,0
49,M-1974-18,1,1,2,0,3,0
50,M-1974-19,0,3,1,0,1,0
51,M-1974-20,1,0,3,0,0,0
52,M-1974-21,1,4,2,0,3,0
53,M-1974-22,3,0,0,0,1,0
54,M-1974-23,4,1,2,0,1,0
55,M-1974-24,2,1,2,0,1,0
56,M-1974-25,0,2,2,0,2,0
57,M-1974-26,1,0,3,0,2,0
58,M-1974-27,4,0,2,0,1,0
59,M-1974-28,0,1,0,0,2,0
60,M-1974-29,1,2,1,0,0,0
61,M-1974-30,0,2,0,0,0,0
62,M-1974-31,2,1,0,0,0,0
63,M-1974-32,4,2,0,0,1,0
64,M-1974-33,0,1,0,0,0,0
65,M-1974-34,1,1,1,0,1,0
66,M-1974-35,2,0,2,0,3,1
67,M-1974-36,2,1,0,0,2,0
68,M-1974-37,0,1,1,0,1,0
69,M-1974-38,1,2,3,0,1,0
70,M-1978-01,0,0,0,0,0,0
71,M-1978-02,2,1,1,0,2,0
72,M-1978-03,3,1,0,0,0,0
73,M-1978-04,2,1,1,0,2,2
74,M-1978-05,2,1,0,0,0,0
75,M-1978-06,1,1,1,0,1,0
76,M-1978-07,3,0,0,0,0,0
77,M-1978-08,3,1,1,0,0,0
78,M-1978-09,3,1,0,0,2,0
79,M-1978-10,1,0,0,0,0,0
80,M-1978-11,6,0,1,0,1,0
81,M-1978-12,2,1,0,0,1,0
82,M-1978-13,1,0,0,0,0,0
83,M-1978-14,0,0,0,0,1,0
84,M-1978-15,0,0,1,0,0,0
85,M-1978-16,1,1,0,0,0,0
86,M-1978-17,3,1,0,0,0,0
87,M-1978-18,3,1,0,0,0,0
88,M-1978-19,0,0,1,0,1,0
89,M-1978-20,0,1,0,0,1,0
90,M-1978-21,1,0,0,0,0,0
91,M-1978-22,1,0,0,0,1,0
92,M-1978-23,4,1,0,0,0,0
93,M-1978-24,3,2,1,0,0,0
94,M-1978-25,1,5,0,0,0,0
95,M-1978-26,0,0,0,0,0,0
96,M-1978-27,3,0,0,0,0,0
97,M-1978-28,2,0,1,0,1,0
98,M-1978-29,0,1,2,0,2,0
99,M-1978-30,1,0,0,0,0,0
100,M-1978-31,2,2,2,1,1,0
101,M-1978-32,0,0,0,0,0,0
102,M-1978-33,3,2,2,0,1,0
103,M-1978-34,1,2,3,0,2,0
104,M-1978-35,3,1,0,0,0,0
105,M-1978-36,6,0,0,0,0,0
106,M-1978-37,2,1,2,0,1,0
107,M-1978-38,3,1,2,0,3,0
108,M-1982-01,0,1,1,0,1,0
109,M-1982-02,0,0,2,0,1,0
110,M-1982-03,2,1,0,0,0,0
111,M-1982-04,0,0,0,0,1,0
112,M-1982-05,10,1,2,0,0,0
113,M-1982-06,5,2,0,0,0,0
114,M-1982-07,1,2,1,0,1,0
115,M-1982-08,3,1,1,0,0,0
116,M-1982-09,1,1,0,0,0,0
117,M-1982-10,0,1,1,0,2,0
118,M-1982-11,1,1,0,0,0,0
119,M-1982-12,0,0,0,0,1,0
120,M-1982-13,1,1,1,0,1,0
121,M-1982-14,4,1,0,0,0,0
122,M-1982-15,4,1,0,0,0,0
123,M-1982-16,0,0,1,0,2,0
124,M-1982-17,1,0,0,0,2,0
125,M-1982-18,3,0,0,0,0,0
126,M-1982-19,4,1,0,0,2,0
127,M-1982-20,2,0,0,0,1,0
128,M-1982-21,2,1,2,0,2,0
129,M-1982-22,0,2,1,0,0,0
130,M-1982-23,4,1,1,0,2,0
131,M-1982-24,1,1,0,0,0,0
132,M-1982-25,5,1,0,0,1,0
133,M-1982-26,1,1,2,0,0,0
134,M-1982-27,2,2,0,0,1,0
135,M-1982-28,1,1,1,0,1,0
136,M-1982-29,2,0,2,0,3,0
137,M-1982-30,4,0,0,0,0,0
138,M-1982-31,3,2,0,0,1,0
139,M-1982-32,1,1,1,0,1,1
140,M-1982-33,0,1,1,1,1,0
141,M-1982-34,1,0,0,0,2,0
142,M-1982-35,1,0,1,0,1,0
143,M-1982-36,0,1,1,0,2,1
144,M-1982-37,0,1,1,0,0,0
145,M-1982-38,3,0,1,0,0,0
146,M-1982-39,2,1,2,0,3,1
147,M-1982-40,0,0,1,0,0,0
148,M-1982-41,2,2,1,0,0,0
149,M-1982-42,0,1,0,0,1,0
150,M-1982-43,1,3,1,1,2,0
151,M-1982-44,2,1,2,0,3,0
152,M-1982-45,4,1,1,0,1,0
153,M-1982-46,0,0,3,0,2,0
154,M-1982-47,3,2,2,0,0,0
155,M-1982-48,0,0,0,0,1,0
156,M-1982-49,0,2,3,0,1,0
157,M-1982-50,3,3,1,0,2,0
158,M-1982-51,3,2,2,0,1,0
159,M-1982-52,3,1,2,0,3,0
160,M-1986-01,1,1,1,0,2,0
161,M-1986-02,0,1,1,0,1,0
162,M-1986-03,0,1,0,0,0,0
163,M-1986-04,3,1,0,0,2,0
164,M-1986-05,6,0,0,0,0,0
165,M-1986-06,0,0,1,0,0,0
166,M-1986-07,1,2,1,0,2,0
167,M-1986-08,1,1,1,0,3,0
168,M-1986-09,1,0,1,0,2,0
169,M-1986-10,1,0,1,0,1,0
170,M-1986-11,1,1,2,0,0,0
171,M-1986-12,0,1,0,0,1,0
172,M-1986-13,1,1,1,0,2,0
173,M-1986-14,1,1,2,0,2,0
174,M-1986-15,1,1,2,0,1,0
175,M-1986-16,2,0,0,0,2,0
176,M-1986-17,1,0,0,0,0,0
177,M-1986-18,0,0,2,1,2,0
178,M-1986-19,1,1,3,0,2,0
179,M-1986-20,1,2,1,0,1,0
180,M-1986-21,1,0,2,0,0,0
181,M-1986-22,1,2,6,1,1,0
182,M-1986-23,2,1,0,0,3,0
183,M-1986-24,6,1,1,0,2,0
184,M-1986-25,0,3,0,0,2,0
185,M-1986-26,2,0,0,0,0,0
186,M-1986-27,2,0,1,0,0,0
187,M-1986-28,2,3,3,0,3,0
188,M-1986-29,0,1,2,0,0,0
189,M-1986-30,2,2,1,0,1,0
190,M-1986-31,3,0,1,0,0,0
191,M-1986-32,1,3,1,0,0,0
192,M-1986-33,0,3,1,0,1,0
193,M-1986-34,0,3,1,0,0,0
194,M-1986-35,2,0,1,0,2,0
195,M-1986-36,0,0,2,0,3,1
196,M-1986-37,2,0,0,0,1,0
197,M-1986-38,3,4,0,0,1,0
198,M-1986-39,4,0,2,0,3,0
199,M-1986-40,1,0,3,0,4,0
200,M-1986-41,0,2,2,0,1,0
201,M-1986-42,0,1,2,0,0,0
202,M-1986-43,3,0,2,0,1,0
203,M-1986-44,1,5,1,0,3,0
204,M-1986-45,1,1,0,0,0,0
205,M-1986-46,0,0,3,1,5,0
206,M-1986-47,2,1,1,0,1,0
207,M-1986-48,1,1,2,0,2,0
208,M-1986-49,0,2,1,0,1,0
209,M-1986-50,2,0,1,0,1,0
210,M-1986-51,2,4,1,0,0,0
211,M-1986-52,3,2,4,0,2,0
212,M-1990-01,0,1,1,0,3,2
213,M-1990-02,0,2,1,0,1,0
214,M-1990-03,0,2,3,0,0,0
215,M-1990-04,1,0,0,0,1,0
216,M-1990-05,1,5,2,1,2,0
217,M-1990-06,2,1,3,0,1,0
218,M-1990-07,4,1,1,0,0,0
219,M-1990-08,1,0,0,0,0,0
220,M-1990-09,1,1,1,0,0,0
221,M-1990-10,2,0,0,0,1,0
222,M-1990-11,1,1,1,0,1,0
223,M-1990-12,0,0,2,0,2,0
224,M-1990-13,2,0,4,0,1,1
225,M-1990-14,2,1,2,0,1,0
226,M-1990-15,1,0,1,0,0,0
227,M-1990-16,1,0,1,0,1,0
228,M-1990-17,0,1,3,0,2,0
229,M-1990-18,5,1,1,0,2,0
230,M-1990-19,1,0,2,0,2,0
231,M-1990-20,1,2,1,0,1,0
232,M-1990-21,0,0,0,0,0,0
233,M-1990-22,0,0,1,0,1,0
234,M-1990-23,3,1,1,0,1,0
235,M-1990-24,1,3,3,0,0,0
236,M-1990-25,1,1,2,0,3,0
237,M-1990-26,0,4,2,0,1,0
238,M-1990-27,1,1,1,0,3,0
239,M-1990-28,4,1,3,0,2,0
240,M-1990-29,2,1,5,1,4,0
241,M-1990-30,2,0,2,0,2,0
242,M-1990-31,1,0,0,0,2,0
243,M-1990-32,1,2,2,0,2,0
244,M-1990-33,1,2,0,0,0,0
245,M-1990-34,0,1,3,0,2,0
246,M-1990-35,1,0,1,0,2,0
247,M-1990-36,1,1,0,0,1,0
248,M-1990-37,2,1,4,0,2,0
249,M-1990-38,4,1,3,0,2,0
250,M-1990-39,0,1,2,1,3,0
251,M-1990-40,2,1,2,1,3,1
252,M-1990-41,0,0,2,0,2,0
253,M-1990-42,2,0,1,0,4,0
254,M-1990-43,1,2,2,0,3,0
255,M-1990-44,1,0,1,0,0,0
256,M-1990-45,0,0,4,0,1,0
257,M-1990-46,0,1,1,0,1,0
258,M-1990-47,0,1,4,0,1,0
259,M-1990-48,2,3,3,0,1,0
260,M-1990-49,1,1,5,0,1,0
261,M-1990-50,1,1,1,0,2,0
262,M-1990-51,2,1,0,0,0,0
263,M-1990-52,1,0,1,0,3,2
264,M-1991-01,4,0,0,0,0,0
265,M-1991-02,4,0,0,0,0,0
266,M-1991-03,3,0,0,0,0,0
267,M-1991-04,0,1,0,0,3,0
268,M-1991-05,2,3,1,0,1,0
269,M-1991-06,0,5,0,0,1,0
270,M-1991-07,4,0,1,0,0,0
271,M-1991-08,1,0,0,0,1,0
272,M-1991-09,2,2,1,0,0,0
273,M-1991-10,0,5,1,0,0,0
274,M-1991-11,0,8,1,0,0,0
275,M-1991-12,0,3,0,0,0,0
276,M-1991-13,0,2,0,0,0,0
277,M-1991-14,0,3,0,0,1,0
278,M-1991-15,4,1,0,0,0,0
279,M-1991-16,2,1,2,0,0,0
280,M-1991-17,2,0,0,1,1,0
281,M-1991-18,0,2,1,0,1,0
282,M-1991-19,1,2,2,0,1,0
283,M-1991-20,0,1,1,0,3,0
284,M-1991-21,3,2,1,0,1,0
285,M-1991-22,7,0,0,0,1,0
286,M-1991-23,1,4,0,0,0,0
287,M-1991-24,2,5,1,0,1,0
288,M-1991-25,4,0,2,0,0,0
289,M-1991-26,1,2,0,0,1,0
290,M-1994-01,1,0,2,0,4,1
291,M-1994-02,2,2,2,1,2,0
292,M-1994-03,1,1,1,0,2,0
293,M-1994-04,0,1,0,0,3,0
294,M-1994-05,1,3,3,0,1,0
295,M-1994-06,1,0,2,0,3,0
296,M-1994-07,1,0,2,0,1,0
297,M-1994-08,2,2,1,0,1,0
298,M-1994-09,2,0,0,0,3,0
299,M-1994-10,2,1,2,0,3,0
300,M-1994-11,4,0,1,0,2,0
301,M-1994-12,1,1,1,0,3,0
302,M-1994-13,3,0,1,0,1,0
303,M-1994-14,1,4,3,1,0,0
304,M-1994-15,2,1,1,0,1,0
305,M-1994-16,1,0,1,1,2,0
306,M-1994-17,0,0,3,0,3,0
307,M-1994-18,2,1,2,0,2,0
308,M-1994-19,3,0,1,0,2,1
309,M-1994-20,3,1,3,0,2,0
310,M-1994-21,1,0,1,0,5,0
311,M-1994-22,2,1,4,0,2,0
312,M-1994-23,2,1,1,0,2,0
313,M-1994-24,4,0,4,0,4,0
314,M-1994-25,0,2,2,0,3,0
315,M-1994-26,0,1,2,0,2,0
316,M-1994-27,1,3,0,0,2,0
317,M-1994-28,3,2,3,0,1,0
318,M-1994-29,1,1,1,0,3,0
319,M-1994-30,0,0,3,0,2,0
320,M-1994-31,6,1,3,0,2,0
321,M-1994-32,1,1,1,0,1,0
322,M-1994-33,0,1,2,0,2,0
323,M-1994-34,1,2,5,0,2,0
324,M-1994-35,0,2,3,0,5,0
325,M-1994-36,0,2,2,0,2,0
326,M-1994-37,3,2,2,0,1,0
327,M-1994-38,3,0,4,0,4,0
328,M-1994-39,1,3,1,0,3,0
329,M-1994-40,3,2,3,0,4,0
330,M-1994-41,2,0,1,0,0,0
331,M-1994-42,1,0,2,1,4,0
332,M-1994-43,1,2,4,0,5,1
333,M-1994-44,1,1,4,0,4,0
334,M-1994-45,2,1,0,0,2,0
335,M-1994-46,2,3,2,0,1,0
336,M-1994-47,2,1,3,0,5,0
337,M-1994-48,2,2,3,0,2,0
338,M-1994-49,1,2,3,0,2,0
339,M-1994-50,0,1,2,1,1,0
340,M-1994-51,4,0,1,0,1,0
341,M-1994-52,0,0,2,0,2,0
342,M-1995-01,1,0,0,0,0,0
343,M-1995-02,0,1,1,0,2,0
344,M-1995-03,3,2,1,0,2,0
345,M-1995-04,8,0,0,0,2,0
346,M-1995-05,5,0,1,0,3,1
347,M-1995-06,3,3,0,0,1,0
348,M-1995-07,1,2,2,0,1,0
349,M-1995-08,3,2,0,0,2,0
350,M-1995-09,3,3,2,0,1,0
351,M-1995-10,2,0,1,0,1,0
352,M-1995-11,4,2,1,0,3,0
353,M-1995-12,2,0,2,1,2,0
354,M-1995-13,1,6,4,0,3,0
355,M-1995-14,2,0,0,0,1,0
356,M-1995-15,2,3,3,0,0,0
357,M-1995-16,7,0,0,0,4,0
358,M-1995-17,3,1,0,0,1,0
359,M-1995-18,4,1,1,0,3,0
360,M-1995-19,0,4,1,0,1,0
361,M-1995-20,3,1,1,0,1,0
362,M-1995-21,3,0,0,0,2,0
363,M-1995-22,1,1,0,0,2,0
364,M-1995-23,0,1,0,0,2,0
365,M-1995-24,1,0,0,0,2,0
366,M-1995-25,0,2,1,0,0,0
367,M-1995-26,0,2,1,0,3,0
368,M-1998-01,2,1,2,0,1,0
369,M-1998-02,2,2,1,0,0,0
370,M-1998-03,2,2,2,0,3,0
371,M-1998-04,1,1,1,0,1,0
372,M-1998-05,0,0,1,0,3,0
373,M-1998-06,0,1,1,0,3,0
374,M-1998-07,3,0,3,0,1,0
375,M-1998-08,2,3,3,0,1,0
376,M-1998-09,1,3,1,1,2,0
377,M-1998-10,0,0,0,1,2,0
378,M-1998-11,1,0,0,0,3,0
379,M-1998-12,1,0,2,0,0,0
380,M-1998-13,1,3,1,0,2,0
381,M-1998-14,2,0,1,0,3,0
382,M-1998-15,1,0,3,0,1,0
383,M-1998-16,2,0,3,0,2,0
384,M-1998-17,1,1,2,0,2,0
385,M-1998-18,3,0,2,0,2,0
386,M-1998-19,1,1,4,0,1,0
387,M-1998-20,3,0,2,0,4,1
388,M-1998-21,1,1,4,1,3,2
389,M-1998-22,4,0,2,1,2,1
390,M-1998-23,1,0,4,0,2,0
391,M-1998-24,0,0,2,0,2,0
392,M-1998-25,0,1,3,0,2,0
393,M-1998-26,2,2,1,1,2,1
394,M-1998-27,5,0,0,0,2,0
395,M-1998-28,2,2,1,0,0,0
396,M-1998-29,5,0,1,0,2,0
397,M-1998-30,1,2,1,0,2,0
398,M-1998-31,1,0,1,0,2,0
399,M-1998-32,2,1,4,0,0,0
400,M-1998-33,1,1,4,0,1,2
401,M-1998-34,2,1,1,0,4,0
402,M-1998-35,1,2,0,0,2,0
403,M-1998-36,0,3,1,1,1,0
404,M-1998-37,2,1,2,0,2,0
405,M-1998-38,2,2,2,0,1,0
406,M-1998-39,1,3,2,0,0,0
407,M-1998-40,6,1,2,0,2,0
408,M-1998-41,1,1,1,0,4,0
409,M-1998-42,2,2,2,0,4,1
410,M-1998-43,2,0,2,0,1,0
411,M-1998-44,0,1,1,0,2,0
412,M-1998-45,1,0,3,0,4,0
413,M-1998-46,1,2,1,0,2,0
414,M-1998-47,0,2,3,0,2,0
415,M-1998-48,1,1,0,0,2,0
416,M-1998-49,1,0,3,0,3,0
417,M-1998-50,4,1,2,0,2,0
418,M-1998-51,1,0,0,0,5,0
419,M-1998-52,1,4,1,0,1,0
420,M-1998-53,2,1,4,0,2,0
421,M-1998-54,2,1,0,0,3,0
422,M-1998-55,0,1,3,0,2,0
423,M-1998-56,2,2,4,0,2,1
424,M-1998-57,0,0,3,0,2,0
425,M-1998-58,3,2,3,0,3,0
426,M-1998-59,2,1,2,0,3,1
427,M-1998-60,0,3,2,1,2,0
428,M-1998-61,1,1,2,0,4,0
429,M-1998-62,2,1,0,1,3,0
430,M-1998-63,1,2,2,0,4,0
431,M-1998-64,0,3,1,0,3,0
432,M-1999-01,3,0,0,0,0,0
433,M-1999-02,2,1,0,0,0,0
434,M-1999-03,7,1,0,0,0,0
435,M-1999-04,1,1,0,0,0,0
436,M-1999-05,1,1,0,0,0,0
437,M-1999-06,2,1,0,0,0,0
438,M-1999-07,1,2,0,0,0,0
439,M-1999-08,1,1,0,0,0,0
440,M-1999-09,0,5,0,0,0,0
441,M-1999-10,7,1,0,0,0,0
442,M-1999-11,1,3,0,0,0,0
443,M-1999-12,7,0,0,0,0,0
444,M-1999-13,2,0,0,0,0,0
445,M-1999-14,3,1,0,0,0,0
446,M-1999-15,7,1,0,0,0,0
447,M-1999-16,6,0,0,0,0,0
448,M-1999-17,1,4,0,0,0,0
449,M-1999-18,3,1,0,0,0,0
450,M-1999-19,0,2,0,0,0,0
451,M-1999-20,4,0,0,0,0,0
452,M-1999-21,3,3,0,0,0,0
453,M-1999-22,2,0,0,0,0,0
454,M-1999-23,0,2,0,0,0,0
455,M-1999-24,3,0,0,0,0,0
456,M-1999-25,2,0,0,0,0,0
457,M-1999-26,3,1,0,0,0,0
458,M-1999-27,3,2,0,0,0,0
459,M-1999-28,4,3,0,0,0,0
460,M-1999-29,2,0,0,0,0,0
461,M-1999-30,0,5,0,0,0,0
462,M-1999-31,0,0,0,0,0,0
463,M-1999-32,0,0,0,0,0,0
464,M-2002-01,0,1,1,0,1,0
465,M-2002-02,1,1,3,0,1,0
466,M-2002-03,1,2,1,0,2,0
467,M-2002-04,8,0,2,0,1,0
468,M-2002-05,1,0,2,0,1,0
469,M-2002-06,2,2,4,0,4,0
470,M-2002-07,1,1,1,0,2,0
471,M-2002-08,3,1,1,0,2,0
472,M-2002-09,0,1,0,1,0,0
473,M-2002-10,2,1,1,0,3,1
474,M-2002-11,2,0,1,0,3,0
475,M-2002-12,0,2,3,0,4,0
476,M-2002-13,2,2,2,0,3,0
477,M-2002-14,2,0,2,0,3,0
478,M-2002-15,2,0,2,0,2,0
479,M-2002-16,3,2,1,0,2,0
480,M-2002-17,1,1,0,0,0,0
481,M-2002-18,1,1,4,0,2,1
482,M-2002-19,1,0,1,0,1,0
483,M-2002-20,0,0,1,1,4,0
484,M-2002-21,2,1,2,0,1,0
485,M-2002-22,3,1,1,0,3,0
486,M-2002-23,0,1,1,0,2,0
487,M-2002-24,1,0,2,0,4,0
488,M-2002-25,1,2,1,0,1,0
489,M-2002-26,4,0,2,0,0,0
490,M-2002-27,2,1,1,0,5,0
491,M-2002-28,1,1,2,0,3,0
492,M-2002-29,1,0,3,0,3,0
493,M-2002-30,1,1,1,0,2,0
494,M-2002-31,1,1,4,0,1,0
495,M-2002-32,4,0,3,0,2,0
496,M-2002-33,2,0,2,0,1,0
497,M-2002-34,3,3,7,0,5,0
498,M-2002-35,0,2,7,0,7,0
499,M-2002-36,0,3,1,0,1,0
500,M-2002-37,0,0,0,0,0,0
501,M-2002-38,1,1,2,0,3,1
502,M-2002-39,1,3,4,1,1,0
503,M-2002-40,2,3,4,0,0,0
504,M-2002-41,2,5,0,0,1,0
505,M-2002-42,3,0,3,0,2,1
506,M-2002-43,1,0,1,0,2,0
507,M-2002-44,1,1,2,0,5,0
508,M-2002-45,3,2,1,0,4,0
509,M-2002-46,0,2,2,0,0,0
510,M-2002-47,3,1,4,0,1,0
511,M-2002-48,0,1,2,1,4,0
512,M-2002-49,1,0,3,0,2,1
513,M-2002-50,0,3,1,0,1,0
514,M-2002-51,1,2,0,0,2,0
515,M-2002-52,1,1,3,0,0,0
516,M-2002-53,0,2,5,1,5,0
517,M-2002-54,2,0,1,0,1,0
518,M-2002-55,0,1,1,0,3,0
519,M-2002-56,2,1,4,0,4,0
520,M-2002-57,1,2,2,0,0,1
521,M-2002-58,1,0,2,0,5,0
522,M-2002-59,0,0,2,0,1,0
523,M-2002-60,0,1,2,0,2,0
524,M-2002-61,1,0,2,0,1,0
525,M-2002-62,1,0,1,0,2,0
526,M-2002-63,2,3,1,0,2,0
527,M-2002-64,0,2,1,0,1,0
528,M-2003-01,2,0,2,0,0,0
529,M-2003-02,0,3,2,0,2,0
530,M-2003-03,4,1,2,0,2,0
531,M-2003-04,6,0,0,0,3,1
532,M-2003-05,3,1,2,0,1,0
533,M-2003-06,3,0,1,0,2,0
534,M-2003-07,1,2,0,0,2,0
535,M-2003-08,1,0,0,0,1,0
536,M-2003-09,1,4,1,0,1,0
537,M-2003-10,3,0,1,0,0,0
538,M-2003-11,1,0,2,0,2,0
539,M-2003-12,3,0,3,0,1,0
540,M-2003-13,0,3,0,0,0,0
541,M-2003-14,1,0,1,0,1,0
542,M-2003-15,1,1,1,0,2,0
543,M-2003-16,5,0,0,0,1,0
544,M-2003-17,1,1,1,0,1,0
545,M-2003-18,1,7,0,0,0,0
546,M-2003-19,1,6,0,0,0,0
547,M-2003-20,3,1,1,0,0,0
548,M-2003-21,3,0,0,0,0,0
549,M-2003-22,0,3,2,0,2,0
550,M-2003-23,2,1,1,0,1,0
551,M-2003-24,1,0,0,0,1,0
552,M-2003-25,1,2,2,0,2,0
553,M-2003-26,1,0,0,0,4,0
554,M-2003-27,7,1,1,0,0,0
555,M-2003-28,0,1,1,0,3,0
556,M-2003-29,0,3,0,0,0,0
557,M-2003-30,2,1,1,0,0,0
558,M-2003-31,3,1,0,0,2,0
559,M-2003-32,2,1,0,0,0,0
560,M-2006-01,4,2,0,0,1,0
561,M-2006-02,0,2,1,0,2,0
562,M-2006-03,1,0,2,0,1,0
563,M-2006-04,0,0,2,0,1,0
564,M-2006-05,2,1,3,0,2,0
565,M-2006-06,0,1,4,0,2,0
566,M-2006-07,3,1,2,0,1,0
567,M-2006-08,0,1,3,0,2,0
568,M-2006-09,3,1,4,0,3,0
569,M-2006-10,0,3,2,0,4,0
570,M-2006-11,2,0,3,0,2,0
571,M-2006-12,2,1,2,0,3,0
572,M-2006-13,0,0,3,0,5,0
573,M-2006-14,1,0,1,0,3,0
574,M-2006-15,4,0,0,0,2,1
575,M-2006-16,2,2,4,0,0,0
576,M-2006-17,1,0,3,0,3,0
577,M-2006-18,3,0,3,0,2,0
578,M-2006-19,2,0,1,0,5,0
579,M-2006-20,1,0,3,0,5,0
580,M-2006-21,6,0,1,0,3,1
581,M-2006-22,2,1,4,0,3,0
582,M-2006-23,0,0,1,0,4,0
583,M-2006-24,2,0,3,0,4,0
584,M-2006-25,0,2,1,1,6,0
585,M-2006-26,1,1,2,1,1,1
586,M-2006-27,0,0,3,0,2,0
587,M-2006-28,2,0,3,0,2,0
588,M-2006-29,1,1,2,0,2,0
589,M-2006-30,0,2,3,0,1,0
590,M-2006-31,0,4,3,0,3,0
591,M-2006-32,3,1,2,0,6,0
592,M-2006-33,1,2,5,0,5,0
593,M-2006-34,0,3,1,0,1,0
594,M-2006-35,2,0,2,0,2,0
595,M-2006-36,2,2,2,0,1,0
596,M-2006-37,1,1,3,0,3,0
597,M-2006-38,2,1,4,0,4,0
598,M-2006-39,3,2,3,0,4,0
599,M-2006-40,0,0,3,0,2,0
600,M-2006-41,0,2,1,0,1,0
601,M-2006-42,2,1,4,0,1,0
602,M-2006-43,2,2,4,0,1,0
603,M-2006-44,1,4,1,0,1,0
604,M-2006-45,0,1,2,0,3,0
605,M-2006-46,1,0,4,0,3,0
606,M-2006-47,2,0,5,0,5,0
607,M-2006-48,0,2,3,0,1,0
608,M-2006-49,2,0,1,0,3,0
609,M-2006-50,2,1,2,0,4,0
610,M-2006-51,1,0,3,0,3,0
611,M-2006-52,1,0,7,0,5,0
612,M-2006-53,1,0,3,1,3,0
613,M-2006-54,0,0,1,0,0,0
614,M-2006-55,3,0,2,0,5,0
615,M-2006-56,1,3,1,0,3,0
616,M-2006-57,1,1,3,0,4,1
617,M-2006-58,3,0,0,0,3,0
618,M-2006-59,0,0,2,1,2,0
619,M-2006-60,0,1,4,0,3,0
620,M-2006-61,0,2,2,0,1,0
621,M-2006-62,0,1,1,0,1,0
622,M-2006-63,3,1,2,0,3,0
623,M-2006-64,1,1,1,0,3,1
624,M-2007-01,11,0,2,0,4,0
625,M-2007-02,2,2,1,0,1,0
626,M-2007-03,2,2,0,0,2,0
627,M-2007-04,1,1,0,0,1,0
628,M-2007-05,1,4,0,0,3,0
629,M-2007-06,0,5,1,0,0,0
630,M-2007-07,2,1,0,0,0,0
631,M-2007-08,3,2,1,0,2,0
632,M-2007-09,0,1,0,0,1,0
633,M-2007-10,0,2,2,0,0,0
634,M-2007-11,0,0,2,0,3,0
635,M-2007-12,2,0,1,0,2,0
636,M-2007-13,4,0,1,0,3,0
637,M-2007-14,2,0,0,0,3,0
638,M-2007-15,1,1,0,0,0,0
639,M-2007-16,4,0,3,0,2,0
640,M-2007-17,6,1,2,0,2,0
641,M-2007-18,2,0,2,0,1,0
642,M-2007-19,0,1,1,0,0,0
643,M-2007-20,1,2,2,0,2,0
644,M-2007-21,2,2,1,0,1,0
645,M-2007-22,7,2,0,0,2,0
646,M-2007-23,1,0,1,0,1,0
647,M-2007-24,2,0,1,0,2,0
648,M-2007-25,3,0,0,0,1,0
649,M-2007-26,3,0,0,0,0,0
650,M-2007-27,1,0,3,0,1,0
651,M-2007-28,3,2,0,0,2,0
652,M-2007-29,3,0,0,0,1,0
653,M-2007-30,0,4,3,0,2,0
654,M-2007-31,1,4,0,0,1,0
655,M-2007-32,2,0,2,0,1,0
656,M-2010-01,1,1,2,0,2,0
657,M-2010-02,0,0,3,0,3,0
658,M-2010-03,2,0,0,0,1,0
659,M-2010-04,1,0,1,0,1,0
660,M-2010-05,1,1,3,0,3,0
661,M-2010-06,0,1,2,0,2,0
662,M-2010-07,0,1,3,0,2,0
663,M-2010-08,4,0,2,0,3,1
664,M-2010-09,2,0,2,0,1,0
665,M-2010-10,1,0,1,0,1,0
666,M-2010-11,1,1,1,0,1,0
667,M-2010-12,1,1,2,0,1,0
668,M-2010-13,0,0,2,0,1,0
669,M-2010-14,2,1,1,0,0,0
670,M-2010-15,0,1,1,0,2,0
671,M-2010-16,0,1,0,0,4,0
672,M-2010-17,0,3,2,1,0,0
673,M-2010-18,4,1,3,0,2,0
674,M-2010-19,2,1,3,0,1,1
675,M-2010-20,0,2,2,0,4,0
676,M-2010-21,0,1,4,0,4,0
677,M-2010-22,2,2,4,0,1,0
678,M-2010-23,0,0,1,0,1,0
679,M-2010-24,1,0,1,0,0,0
680,M-2010-25,1,1,3,0,1,1
681,M-2010-26,1,2,2,0,2,0
682,M-2010-27,0,2,4,0,1,0
683,M-2010-28,1,1,0,0,3,0
684,M-2010-29,3,1,1,0,3,0
685,M-2010-30,7,0,2,0,2,0
686,M-2010-31,1,0,6,0,3,1
687,M-2010-32,2,0,0,0,2,0
688,M-2010-33,1,2,1,1,0,0
689,M-2010-34,0,1,2,0,1,0
690,M-2010-35,0,2,1,0,1,0
691,M-2010-36,2,2,3,0,1,0
692,M-2010-37,0,1,3,0,1,0
693,M-2010-38,1,0,2,0,3,0
694,M-2010-39,2,1,3,0,2,0
695,M-2010-40,0,1,1,0,1,0
696,M-2010-41,0,0,2,0,1,0
697,M-2010-42,3,2,4,0,4,0
698,M-2010-43,1,2,2,0,3,0
699,M-2010-44,1,3,3,0,2,0
700,M-2010-45,0,3,0,0,0,0
701,M-2010-46,0,0,4,0,3,0
702,M-2010-47,1,2,3,0,0,0
703,M-2010-48,0,0,1,0,4,0
704,M-2010-49,2,1,0,0,3,0
705,M-2010-50,1,2,3,0,2,0
706,M-2010-51,4,1,1,0,1,0
707,M-2010-52,3,1,0,0,1,0
708,M-2010-53,2,1,2,0,3,0
709,M-2010-54,3,0,2,0,3,0
710,M-2010-55,0,0,1,0,4,0
711,M-2010-56,1,0,1,0,1,1
712,M-2010-57,2,1,4,0,1,1
713,M-2010-58,1,1,3,1,3,0
714,M-2010-59,0,4,2,0,1,0
715,M-2010-60,0,1,4,0,2,0
716,M-2010-61,2,3,2,0,3,0
717,M-2010-62,0,1,0,0,0,0
718,M-2010-63,2,3,1,0,3,0
719,M-2010-64,0,1,8,0,5,0
720,M-2011-01,0,1,0,0,0,0
721,M-2011-02,2,1,2,0,0,0
722,M-2011-03,2,1,0,0,3,0
723,M-2011-04,1,1,1,0,1,0
724,M-2011-05,0,1,0,0,1,0
725,M-2011-06,2,0,0,0,0,0
726,M-2011-07,1,0,2,0,0,0
727,M-2011-08,1,0,0,0,0,0
728,M-2011-09,0,4,1,0,1,0
729,M-2011-10,1,0,1,0,1,0
730,M-2011-11,4,0,0,0,0,0
731,M-2011-12,1,2,0,0,0,0
732,M-2011-13,0,1,0,0,1,0
733,M-2011-14,3,0,1,0,0,0
734,M-2011-15,3,2,1,0,3,0
735,M-2011-16,3,0,1,0,0,0
736,M-2011-17,2,0,0,0,0,0
737,M-2011-18,2,2,1,0,1,0
738,M-2011-19,0,1,0,0,1,0
739,M-2011-20,2,4,3,1,2,0
740,M-2011-21,2,1,2,0,1,0
741,M-2011-22,0,3,3,0,2,0
742,M-2011-23,0,0,0,0,0,0
743,M-2011-24,2,1,1,0,1,0
744,M-2011-25,1,1,4,0,0,0
745,M-2011-26,0,1,1,0,4,0
746,M-2011-27,3,1,2,0,2,0
747,M-2011-28,2,2,4,0,4,1
748,M-2011-29,1,3,1,0,0,0
749,M-2011-30,3,1,0,0,1,0
750,M-2011-31,2,1,0,1,0,0
751,M-2011-32,2,2,0,0,0,0
752,M-2014-01,3,1,2,0,2,0
753,M-2014-02,1,0,1,0,1,0
754,M-2014-03,1,5,1,0,3,0
755,M-2014-04,3,1,1,0,3,0
756,M-2014-05,3,0,1,0,2,0
757,M-2014-06,1,3,3,1,0,0
758,M-2014-07,1,2,1,0,0,0
759,M-2014-08,2,1,2,0,2,0
760,M-2014-09,2,1,1,0,1,0
761,M-2014-10,3,0,3,0,3,0
762,M-2014-11,2,1,1,0,1,0
763,M-2014-12,4,0,0,0,1,1
764,M-2014-13,0,0,1,0,0,0
765,M-2014-14,1,2,2,0,0,0
766,M-2014-15,2,1,1,0,1,0
767,M-2014-16,0,0,2,0,2,0
768,M-2014-17,1,1,1,0,3,0
769,M-2014-18,2,3,1,0,1,0
770,M-2014-19,0,2,1,0,2,0
771,M-2014-20,0,4,0,1,1,0
772,M-2014-21,2,1,0,0,2,0
773,M-2014-22,2,1,1,0,1,0
774,M-2014-23,0,0,1,0,3,0
775,M-2014-24,0,1,1,0,1,0
776,M-2014-25,2,5,0,0,1,0
777,M-2014-26,1,2,2,0,3,0
778,M-2014-27,1,0,0,0,2,0
779,M-2014-28,2,2,0,0,1,0
780,M-2014-29,1,0,1,0,1,0
781,M-2014-30,1,0,2,0,1,0
782,M-2014-31,2,4,2,0,1,0
783,M-2014-32,2,2,1,0,0,0
784,M-2014-33,0,3,2,0,1,0
785,M-2014-34,2,0,1,0,1,0
786,M-2014-35,1,4,3,0,0,0
787,M-2014-36,1,3,1,1,2,0
788,M-2014-37,0,0,1,0,2,0
789,M-2014-38,0,1,2,1,2,0
790,M-2014-39,1,4,1,0,1,0
791,M-2014-40,2,1,0,0,3,0
792,M-2014-41,3,1,1,0,1,0
793,M-2014-42,2,3,2,0,0,0
794,M-2014-43,0,3,1,0,0,0
795,M-2014-44,0,0,1,1,0,0
796,M-2014-45,2,1,1,0,3,0
797,M-2014-46,0,1,2,0,1,0
798,M-2014-47,1,1,3,0,2,0
799,M-2014-48,0,1,1,0,1,1
800,M-2014-49,1,1,4,0,3,0
801,M-2014-50,2,0,1,0,2,0
802,M-2014-51,2,1,0,0,3,0
803,M-2014-52,1,1,5,0,2,0
804,M-2014-53,2,0,1,0,0,0
805,M-2014-54,2,1,1,0,1,0
806,M-2014-55,1,0,3,0,2,0
807,M-2014-56,2,1,1,0,1,0
808,M-2014-57,0,1,0,0,2,0
809,M-2014-58,2,1,2,0,2,0
810,M-2014-59,1,0,1,0,2,0
811,M-2014-60,0,0,2,0,4,0
812,M-2014-61,1,7,1,0,0,0
813,M-2014-62,0,0,2,0,1,0
814,M-2014-63,0,3,3,0,2,0
815,M-2014-64,1,0,2,0,2,0
816,M-2015-01,1,0,1,0,0,0
817,M-2015-02,0,1,0,0,2,0
818,M-2015-03,4,0,0,0,2,0
819,M-2015-04,10,0,0,0,6,0
820,M-2015-05,3,3,0,0,0,0
821,M-2015-06,6,0,1,0,3,1
822,M-2015-07,3,1,2,0,0,0
823,M-2015-08,1,0,0,0,3,0
824,M-2015-09,1,0,0,0,1,0
825,M-2015-10,1,1,1,0,0,0
826,M-2015-11,1,1,3,0,1,0
827,M-2015-12,2,0,0,0,1,0
828,M-2015-13,1,0,0,0,0,0
829,M-2015-14,1,1,1,0,0,0
830,M-2015-15,0,0,1,0,2,0
831,M-2015-16,2,3,1,0,0,0
832,M-2015-17,10,1,0,0,1,0
833,M-2015-18,2,0,0,0,2,0
834,M-2015-19,2,1,0,0,1,0
835,M-2015-20,0,0,0,0,0,0
836,M-2015-21,0,2,0,0,2,0
837,M-2015-22,1,0,1,0,1,0
838,M-2015-23,2,1,1,0,1,0
839,M-2015-24,2,2,3,0,0,0
840,M-2015-25,0,4,1,0,0,0
841,M-2015-26,1,3,1,0,1,0
842,M-2015-27,2,2,2,0,2,0
843,M-2015-28,1,1,1,0,1,0
844,M-2015-29,1,2,1,0,4,0
845,M-2015-30,0,1,2,0,1,0
846,M-2015-31,0,1,4,0,0,0
847,M-2015-32,1,1,0,0,0,0
848,M-2015-33,2,1,1,0,3,0
849,M-2015-34,0,5,2,0,0,0
850,M-2015-35,2,1,1,0,1,0
851,M-2015-36,0,1,0,0,0,0
852,M-2015-37,4,1,1,0,2,0
853,M-2015-38,1,0,0,0,1,0
854,M-2015-39,0,1,2,0,0,0
855,M-2015-40,3,0,1,0,2,0
856,M-2015-41,1,0,2,0,1,0
857,M-2015-42,1,2,0,0,0,0
858,M-2015-43,2,0,2,0,1,1
859,M-2015-44,2,1,1,0,0,0
860,M-2015-45,1,1,4,0,2,0
861,M-2015-46,0,1,1,0,0,0
862,M-2015-47,0,1,0,0,1,0
863,M-2015-48,2,1,1,0,1,0
864,M-2015-49,2,0,2,0,2,0
865,M-2015-50,2,1,1,0,1,0
866,M-2015-51,0,1,0,0,3,0
867,M-2015-52,5,2,0,0,2,0
868,M-2018-01,5,0,1,0,1,0
869,M-2018-02,0,1,2,0,0,0
870,M-2018-03,0,1,1,0,3,0
871,M-2018-04,3,3,1,0,1,0
872,M-2018-05,2,1,1,0,3,0
873,M-2018-06,1,1,0,0,0,0
874,M-2018-07,0,1,1,0,2,0
875,M-2018-08,2,0,2,0,1,0
876,M-2018-09,0,1,2,0,2,0
877,M-2018-10,0,1,2,0,2,0
878,M-2018-11,1,1,1,0,3,0
879,M-2018-12,1,0,1,0,2,0
880,M-2018-13,3,0,3,0,5,0
881,M-2018-14,1,2,0,0,1,0
882,M-2018-15,1,2,2,1,1,0
883,M-2018-16,1,2,1,0,2,0
884,M-2018-17,3,1,1,0,1,0
885,M-2018-18,1,0,1,0,1,0
886,M-2018-19,1,0,0,0,0,0
887,M-2018-20,0,1,2,0,0,0
888,M-2018-21,1,1,2,0,0,0
889,M-2018-22,1,0,2,0,2,0
890,M-2018-23,0,3,3,0,4,0
891,M-2018-24,2,0,2,0,1,0
892,M-2018-25,2,0,1,0,0,0
893,M-2018-26,1,2,4,0,1,0
894,M-2018-27,5,2,0,0,1,0
895,M-2018-28,1,2,4,0,0,0
896,M-2018-29,2,1,1,0,2,0
897,M-2018-30,6,1,1,0,3,0
898,M-2018-31,2,2,2,0,3,0
899,M-2018-32,0,3,2,0,0,0
900,M-2018-33,2,1,0,0,2,0
901,M-2018-34,3,0,1,0,2,0
902,M-2018-35,2,2,0,0,6,0
903,M-2018-36,1,1,2,0,4,0
904,M-2018-37,0,2,4,0,2,0
905,M-2018-38,0,0,1,0,0,0
906,M-2018-39,1,2,3,0,2,0
907,M-2018-40,1,2,2,0,3,0
908,M-2018-41,2,0,4,0,0,0
909,M-2018-42,0,3,3,0,2,0
910,M-2018-43,0,2,3,0,0,0
911,M-2018-44,2,2,3,0,3,0
912,M-2018-45,0,1,1,0,0,0
913,M-2018-46,0,1,1,0,1,0
914,M-2018-47,0,1,0,0,2,0
915,M-2018-48,1,2,3,0,3,0
916,M-2018-49,4,3,3,0,5,0
917,M-2018-50,2,1,0,0,1,0
918,M-2018-51,1,1,1,0,2,0
919,M-2018-52,1,1,0,0,1,0
920,M-2018-53,2,0,2,0,4,0
921,M-2018-54,3,2,0,0,1,0
922,M-2018-55,1,0,1,0,2,1
923,M-2018-56,1,1,6,0,2,0
924,M-2018-57,0,2,2,0,2,0
925,M-2018-58,1,2,2,0,2,0
926,M-2018-59,0,2,2,0,1,0
927,M-2018-60,2,2,1,0,4,0
928,M-2018-61,1,0,2,0,3,0
929,M-2018-62,2,1,2,0,1,0
930,M-2018-63,2,0,1,0,2,0
931,M-2018-64,4,2,2,0,1,0
932,M-2019-01,4,0,0,0,0,0
933,M-2019-02,1,0,1,0,4,0
934,M-2019-03,3,1,1,0,3,0
935,M-2019-04,3,0,0,0,2,0
936,M-2019-05,1,2,1,0,3,0
937,M-2019-06,3,0,2,0,1,0
938,M-2019-07,2,1,0,0,2,0
939,M-2019-08,0,0,0,0,3,0
940,M-2019-09,1,0,0,0,2,0
941,M-2019-10,0,1,0,0,0,0
942,M-2019-11,0,2,2,0,1,0
943,M-2019-12,13,0,0,0,1,0
944,M-2019-13,2,0,1,0,2,0
945,M-2019-14,1,0,1,0,0,0
946,M-2019-15,2,1,1,0,1,0
947,M-2019-16,3,2,0,0,3,0
948,M-2019-17,0,1,1,0,0,0
949,M-2019-18,2,1,1,0,1,0
950,M-2019-19,0,5,2,0,0,0
951,M-2019-20,1,0,1,0,2,0
952,M-2019-21,3,1,0,0,3,0
953,M-2019-22,2,0,0,0,0,0
954,M-2019-23,5,1,0,0,2,0
955,M-2019-24,3,0,2,0,3,0
956,M-2019-25,0,0,1,0,0,0
957,M-2019-26,0,4,3,0,1,0
958,M-2019-27,0,1,3,0,1,0
959,M-2019-28,1,2,2,0,0,0
960,M-2019-29,0,1,1,0,2,0
961,M-2019-30,1,4,1,0,1,0
962,M-2019-31,0,2,0,0,0,0
963,M-2019-32,3,3,3,0,1,0
964,M-2019-33,2,1,1,0,1,0
965,M-2019-34,2,1,2,0,2,0
966,M-2019-35,0,2,1,0,1,0
967,M-2019-36,0,2,2,0,0,0
968,M-2019-37,3,0,2,0,3,0
969,M-2019-38,1,1,3,0,0,1
970,M-2019-39,3,0,0,0,2,0
971,M-2019-40,2,1,1,0,4,0
972,M-2019-41,1,2,1,0,1,0
973,M-2019-42,1,0,2,0,1,0
974,M-2019-43,2,0,0,0,0,0
975,M-2019-44,2,1,0,0,1,0
976,M-2019-45,0,3,1,0,0,0
977,M-2019-46,1,2,2,0,0,0
978,M-2019-47,0,2,4,0,0,0
979,M-2019-48,1,2,0,0,1,0
980,M-2019-49,1,2,2,0,2,0
981,M-2019-50,1,0,2,0,1,0
982,M-2019-51,1,2,1,0,1,0
983,M-2019-52,2,0,1,0,2,0
984,M-2022-01,0,2,4,0,2,0
985,M-2022-02,6,2,0,0,2,0
986,M-2022-03,0,2,2,0,1,0
987,M-2022-04,1,1,4,0,2,0
988,M-2022-05,1,2,0,0,6,0
989,M-2022-06,0,0,2,0,1,0
990,M-2022-07,0,0,2,0,1,0
991,M-2022-08,4,1,0,0,3,0
992,M-2022-09,0,0,1,0,0,0
993,M-2022-10,1,2,0,0,0,0
994,M-2022-11,7,0,0,0,2,0
995,M-2022-12,1,0,3,0,2,0
996,M-2022-13,1,0,2,0,1,0
997,M-2022-14,0,0,1,0,1,0
998,M-2022-15,3,2,2,0,4,0
999,M-2022-16,2,0,0,0,3,0
1000,M-2022-17,0,2,1,1,2,0
1001,M-2022-18,1,3,3,0,3,0
1002,M-2022-19,1,1,0,0,1,0
1003,M-2022-20,0,0,0,0,0,0
1004,M-2022-21,0,1,3,0,0,0
1005,M-2022-22,2,0,3,0,2,0
1006,M-2022-23,2,1,1,0,2,0
1007,M-2022-24,2,0,1,0,4,0
1008,M-2022-25,0,1,3,0,3,0
1009,M-2022-26,0,2,1,0,1,0
1010,M-2022-27,4,1,2,0,2,0
1011,M-2022-28,1,1,1,0,3,0
1012,M-2022-29,3,3,2,0,2,0
1013,M-2022-30,2,3,2,0,2,0
1014,M-2022-31,1,0,1,0,1,0
1015,M-2022-32,2,0,3,0,2,0
1016,M-2022-33,1,2,0,0,1,0
1017,M-2022-34,2,0,1,0,0,0
1018,M-2022-35,0,1,3,0,1,0
1019,M-2022-36,0,3,2,0,0,0
1020,M-2022-37,1,0,2,0,1,0
1021,M-2022-38,1,0,1,0,0,0
1022,M-2022-39,0,2,1,0,1,0
1023,M-2022-40,1,2,6,0,1,0
1024,M-2022-41,1,2,4,0,0,0
1025,M-2022-42,0,0,0,0,1,0
1026,M-2022-43,2,4,1,0,0,0
1027,M-2022-44,2,1,3,0,0,0
1028,M-2022-45,0,2,2,0,5,0
1029,M-2022-46,2,1,2,0,0,0
1030,M-2022-47,1,0,4,0,2,0
1031,M-2022-48,2,3,7,0,4,0
1032,M-2022-49,3,1,2,0,0,0
1033,M-2022-50,2,1,0,0,2,0
1034,M-2022-51,3,1,1,0,2,0
1035,M-2022-52,3,0,0,0,1,0
1036,M-2022-53,1,1,0,0,2,0
1037,M-2022-54,4,1,0,0,1,0
1038,M-2022-55,0,0,1,0,1,0
1039,M-2022-56,6,1,0,0,2,0
1040,M-2022-57,1,1,2,0,3,0
1041,M-2022-58,2,2,7,0,8,0
1042,M-2022-59,1,0,2,0,1,0
1043,M-2022-60,1,2,1,0,3,0
1044,M-2022-61,3,0,2,0,2,0
1045,M-2022-62,2,0,0,0,1,0
1046,M-2022-63,2,1,0,0,2,0
1047,M-2022-64,3,3,5,0,3,0